id,label
24 (0).jpg,1
24 (1).jpg,1
24 (10).jpg,1
24 (11).jpg,1
24 (12).jpg,1
24 (13).jpg,1
24 (14).jpg,1
24 (15).jpg,1
24 (16).jpg,1
24 (17).jpg,1
24 (18).jpg,1
24 (19).jpg,1
24 (2).jpg,1
24 (20).jpg,1
24 (21).jpg,1
24 (22).jpg,1
24 (23).jpg,1
24 (24).jpg,1
24 (25).jpg,1
24 (26).jpg,1
24 (27).jpg,1
24 (28).jpg,1
24 (29).jpg,1
24 (3).jpg,1
24 (30).jpg,1
24 (31).jpg,1
24 (32).jpg,1
24 (33).jpg,1
24 (34).jpg,1
24 (35).jpg,1
24 (36).jpg,1
24 (37).jpg,1
24 (38).jpg,1
24 (39).jpg,1
24 (4).jpg,1
24 (5).jpg,1
24 (6).jpg,1
24 (7).jpg,1
24 (8).jpg,1
24 (9).jpg,1
0 (0).jpg,0
0 (1).jpg,0
0 (10).jpg,0
0 (11).jpg,0
0 (12).jpg,0
0 (13).jpg,0
0 (14).jpg,0
0 (15).jpg,0
0 (16).jpg,0
0 (17).jpg,0
0 (18).jpg,0
0 (19).jpg,0
0 (2).jpg,0
0 (20).jpg,0
0 (21).jpg,0
0 (22).jpg,0
0 (23).jpg,0
0 (24).jpg,0
0 (25).jpg,0
0 (26).jpg,0
0 (27).jpg,0
0 (28).jpg,0
0 (29).jpg,0
0 (3).jpg,0
0 (30).jpg,0
0 (31).jpg,0
0 (32).jpg,0
0 (33).jpg,0
0 (34).jpg,0
0 (35).jpg,0
0 (36).jpg,0
0 (37).jpg,0
0 (38).jpg,0
0 (39).jpg,0
0 (4).jpg,0
0 (5).jpg,0
0 (6).jpg,0
0 (7).jpg,0
0 (8).jpg,0
0 (9).jpg,0
1 (0).jpg,0
1 (1).jpg,0
1 (10).jpg,0
1 (11).jpg,0
1 (12).jpg,0
1 (13).jpg,0
1 (14).jpg,0
1 (15).jpg,0
1 (16).jpg,0
1 (17).jpg,0
1 (18).jpg,0
1 (19).jpg,0
1 (2).jpg,0
1 (20).jpg,0
1 (21).jpg,0
1 (22).jpg,0
1 (23).jpg,0
1 (24).jpg,0
1 (25).jpg,0
1 (26).jpg,0
1 (27).jpg,0
1 (28).jpg,0
1 (29).jpg,0
1 (3).jpg,0
1 (30).jpg,0
1 (31).jpg,0
1 (32).jpg,0
1 (33).jpg,0
1 (34).jpg,0
1 (35).jpg,0
1 (36).jpg,0
1 (37).jpg,0
1 (38).jpg,0
1 (39).jpg,0
1 (4).jpg,0
1 (5).jpg,0
1 (6).jpg,0
1 (7).jpg,0
1 (8).jpg,0
1 (9).jpg,0
10 (0).jpg,0
10 (1).jpg,0
10 (10).jpg,0
10 (11).jpg,0
10 (12).jpg,0
10 (13).jpg,0
10 (14).jpg,0
10 (15).jpg,0
10 (16).jpg,0
10 (17).jpg,0
10 (18).jpg,0
10 (19).jpg,0
10 (2).jpg,0
10 (20).jpg,0
10 (21).jpg,0
10 (22).jpg,0
10 (23).jpg,0
10 (24).jpg,0
10 (25).jpg,0
10 (26).jpg,0
10 (27).jpg,0
10 (28).jpg,0
10 (29).jpg,0
10 (3).jpg,0
10 (30).jpg,0
10 (31).jpg,0
10 (32).jpg,0
10 (33).jpg,0
10 (34).jpg,0
10 (35).jpg,0
10 (36).jpg,0
10 (37).jpg,0
10 (38).jpg,0
10 (39).jpg,0
10 (4).jpg,0
10 (5).jpg,0
10 (6).jpg,0
10 (7).jpg,0
10 (8).jpg,0
10 (9).jpg,0
11 (0).jpg,0
11 (1).jpg,0
11 (10).jpg,0
11 (11).jpg,0
11 (12).jpg,0
11 (13).jpg,0
11 (14).jpg,0
11 (15).jpg,0
11 (16).jpg,0
11 (17).jpg,0
11 (18).jpg,0
11 (19).jpg,0
11 (2).jpg,0
11 (20).jpg,0
11 (21).jpg,0
11 (22).jpg,0
11 (23).jpg,0
11 (24).jpg,0
11 (25).jpg,0
11 (26).jpg,0
11 (27).jpg,0
11 (28).jpg,0
11 (29).jpg,0
11 (3).jpg,0
11 (30).jpg,0
11 (31).jpg,0
11 (32).jpg,0
11 (33).jpg,0
11 (34).jpg,0
11 (35).jpg,0
11 (36).jpg,0
11 (37).jpg,0
11 (38).jpg,0
11 (39).jpg,0
11 (4).jpg,0
11 (5).jpg,0
11 (6).jpg,0
11 (7).jpg,0
11 (8).jpg,0
11 (9).jpg,0
12 (0).jpg,0
12 (1).jpg,0
12 (10).jpg,0
12 (11).jpg,0
12 (12).jpg,0
12 (13).jpg,0
12 (14).jpg,0
12 (15).jpg,0
12 (16).jpg,0
12 (17).jpg,0
12 (18).jpg,0
12 (19).jpg,0
12 (2).jpg,0
12 (20).jpg,0
12 (21).jpg,0
12 (22).jpg,0
12 (23).jpg,0
12 (24).jpg,0
12 (25).jpg,0
12 (26).jpg,0
12 (27).jpg,0
12 (28).jpg,0
12 (29).jpg,0
12 (3).jpg,0
12 (30).jpg,0
12 (31).jpg,0
12 (32).jpg,0
12 (33).jpg,0
12 (34).jpg,0
12 (35).jpg,0
12 (36).jpg,0
12 (37).jpg,0
12 (38).jpg,0
12 (39).jpg,0
12 (4).jpg,0
12 (5).jpg,0
12 (6).jpg,0
12 (7).jpg,0
12 (8).jpg,0
12 (9).jpg,0
13 (0).jpg,0
13 (1).jpg,0
13 (10).jpg,0
13 (11).jpg,0
13 (12).jpg,0
13 (13).jpg,0
13 (14).jpg,0
13 (15).jpg,0
13 (16).jpg,0
13 (17).jpg,0
13 (18).jpg,0
13 (19).jpg,0
13 (2).jpg,0
13 (20).jpg,0
13 (21).jpg,0
13 (22).jpg,0
13 (23).jpg,0
13 (24).jpg,0
13 (25).jpg,0
13 (26).jpg,0
13 (27).jpg,0
13 (28).jpg,0
13 (29).jpg,0
13 (3).jpg,0
13 (30).jpg,0
13 (31).jpg,0
13 (32).jpg,0
13 (33).jpg,0
13 (34).jpg,0
13 (35).jpg,0
13 (36).jpg,0
13 (37).jpg,0
13 (38).jpg,0
13 (39).jpg,0
13 (4).jpg,0
13 (5).jpg,0
13 (6).jpg,0
13 (7).jpg,0
13 (8).jpg,0
13 (9).jpg,0
14 (0).jpg,0
14 (1).jpg,0
14 (10).jpg,0
14 (11).jpg,0
14 (12).jpg,0
14 (13).jpg,0
14 (14).jpg,0
14 (15).jpg,0
14 (16).jpg,0
14 (17).jpg,0
14 (18).jpg,0
14 (19).jpg,0
14 (2).jpg,0
14 (20).jpg,0
14 (21).jpg,0
14 (22).jpg,0
14 (23).jpg,0
14 (24).jpg,0
14 (25).jpg,0
14 (26).jpg,0
14 (27).jpg,0
14 (28).jpg,0
14 (29).jpg,0
14 (3).jpg,0
14 (30).jpg,0
14 (31).jpg,0
14 (32).jpg,0
14 (33).jpg,0
14 (34).jpg,0
14 (35).jpg,0
14 (36).jpg,0
14 (37).jpg,0
14 (38).jpg,0
14 (39).jpg,0
14 (4).jpg,0
14 (5).jpg,0
14 (6).jpg,0
14 (7).jpg,0
14 (8).jpg,0
14 (9).jpg,0
15 (0).jpg,0
15 (1).jpg,0
15 (10).jpg,0
15 (11).jpg,0
15 (12).jpg,0
15 (13).jpg,0
15 (14).jpg,0
15 (15).jpg,0
15 (16).jpg,0
15 (17).jpg,0
15 (18).jpg,0
15 (19).jpg,0
15 (2).jpg,0
15 (20).jpg,0
15 (21).jpg,0
15 (22).jpg,0
15 (23).jpg,0
15 (24).jpg,0
15 (25).jpg,0
15 (26).jpg,0
15 (27).jpg,0
15 (28).jpg,0
15 (29).jpg,0
15 (3).jpg,0
15 (30).jpg,0
15 (31).jpg,0
15 (32).jpg,0
15 (33).jpg,0
15 (34).jpg,0
15 (35).jpg,0
15 (36).jpg,0
15 (37).jpg,0
15 (38).jpg,0
15 (39).jpg,0
15 (4).jpg,0
15 (5).jpg,0
15 (6).jpg,0
15 (7).jpg,0
15 (8).jpg,0
15 (9).jpg,0
16 (0).jpg,0
16 (1).jpg,0
16 (10).jpg,0
16 (11).jpg,0
16 (12).jpg,0
16 (13).jpg,0
16 (14).jpg,0
16 (15).jpg,0
16 (16).jpg,0
16 (17).jpg,0
16 (18).jpg,0
16 (19).jpg,0
16 (2).jpg,0
16 (20).jpg,0
16 (21).jpg,0
16 (22).jpg,0
16 (23).jpg,0
16 (24).jpg,0
16 (25).jpg,0
16 (26).jpg,0
16 (27).jpg,0
16 (28).jpg,0
16 (29).jpg,0
16 (3).jpg,0
16 (30).jpg,0
16 (31).jpg,0
16 (32).jpg,0
16 (33).jpg,0
16 (34).jpg,0
16 (35).jpg,0
16 (36).jpg,0
16 (37).jpg,0
16 (38).jpg,0
16 (39).jpg,0
16 (4).jpg,0
16 (5).jpg,0
16 (6).jpg,0
16 (7).jpg,0
16 (8).jpg,0
16 (9).jpg,0
17 (0).jpg,0
17 (1).jpg,0
17 (10).jpg,0
17 (11).jpg,0
17 (12).jpg,0
17 (13).jpg,0
17 (14).jpg,0
17 (15).jpg,0
17 (16).jpg,0
17 (17).jpg,0
17 (18).jpg,0
17 (19).jpg,0
17 (2).jpg,0
17 (20).jpg,0
17 (21).jpg,0
17 (22).jpg,0
17 (23).jpg,0
17 (24).jpg,0
17 (25).jpg,0
17 (26).jpg,0
17 (27).jpg,0
17 (28).jpg,0
17 (29).jpg,0
17 (3).jpg,0
17 (30).jpg,0
17 (31).jpg,0
17 (32).jpg,0
17 (33).jpg,0
17 (34).jpg,0
17 (35).jpg,0
17 (36).jpg,0
17 (37).jpg,0
17 (38).jpg,0
17 (39).jpg,0
17 (4).jpg,0
17 (5).jpg,0
17 (6).jpg,0
17 (7).jpg,0
17 (8).jpg,0
17 (9).jpg,0
18 (0).jpg,0
18 (1).jpg,0
18 (10).jpg,0
18 (11).jpg,0
18 (12).jpg,0
18 (13).jpg,0
18 (14).jpg,0
18 (15).jpg,0
18 (16).jpg,0
18 (17).jpg,0
18 (18).jpg,0
18 (19).jpg,0
18 (2).jpg,0
18 (20).jpg,0
18 (21).jpg,0
18 (22).jpg,0
18 (23).jpg,0
18 (24).jpg,0
18 (25).jpg,0
18 (26).jpg,0
18 (27).jpg,0
18 (28).jpg,0
18 (29).jpg,0
18 (3).jpg,0
18 (30).jpg,0
18 (31).jpg,0
18 (32).jpg,0
18 (33).jpg,0
18 (34).jpg,0
18 (35).jpg,0
18 (36).jpg,0
18 (37).jpg,0
18 (38).jpg,0
18 (39).jpg,0
18 (4).jpg,0
18 (5).jpg,0
18 (6).jpg,0
18 (7).jpg,0
18 (8).jpg,0
18 (9).jpg,0
19 (0).jpg,0
19 (1).jpg,0
19 (10).jpg,0
19 (11).jpg,0
19 (12).jpg,0
19 (13).jpg,0
19 (14).jpg,0
19 (15).jpg,0
19 (16).jpg,0
19 (17).jpg,0
19 (18).jpg,0
19 (19).jpg,0
19 (2).jpg,0
19 (20).jpg,0
19 (21).jpg,0
19 (22).jpg,0
19 (23).jpg,0
19 (24).jpg,0
19 (25).jpg,0
19 (26).jpg,0
19 (27).jpg,0
19 (28).jpg,0
19 (29).jpg,0
19 (3).jpg,0
19 (30).jpg,0
19 (31).jpg,0
19 (32).jpg,0
19 (33).jpg,0
19 (34).jpg,0
19 (35).jpg,0
19 (36).jpg,0
19 (37).jpg,0
19 (38).jpg,0
19 (39).jpg,0
19 (4).jpg,0
19 (5).jpg,0
19 (6).jpg,0
19 (7).jpg,0
19 (8).jpg,0
19 (9).jpg,0
2 (0).jpg,0
2 (1).jpg,0
2 (10).jpg,0
2 (11).jpg,0
2 (12).jpg,0
2 (13).jpg,0
2 (14).jpg,0
2 (15).jpg,0
2 (16).jpg,0
2 (17).jpg,0
2 (18).jpg,0
2 (19).jpg,0
2 (2).jpg,0
2 (20).jpg,0
2 (21).jpg,0
2 (22).jpg,0
2 (23).jpg,0
2 (24).jpg,0
2 (25).jpg,0
2 (26).jpg,0
2 (27).jpg,0
2 (28).jpg,0
2 (29).jpg,0
2 (3).jpg,0
2 (30).jpg,0
2 (31).jpg,0
2 (32).jpg,0
2 (33).jpg,0
2 (34).jpg,0
2 (35).jpg,0
2 (36).jpg,0
2 (37).jpg,0
2 (38).jpg,0
2 (39).jpg,0
2 (4).jpg,0
2 (5).jpg,0
2 (6).jpg,0
2 (7).jpg,0
2 (8).jpg,0
2 (9).jpg,0
20 (0).jpg,0
20 (1).jpg,0
20 (10).jpg,0
20 (11).jpg,0
20 (12).jpg,0
20 (13).jpg,0
20 (14).jpg,0
20 (15).jpg,0
20 (16).jpg,0
20 (17).jpg,0
20 (18).jpg,0
20 (19).jpg,0
20 (2).jpg,0
20 (20).jpg,0
20 (21).jpg,0
20 (22).jpg,0
20 (23).jpg,0
20 (24).jpg,0
20 (25).jpg,0
20 (26).jpg,0
20 (27).jpg,0
20 (28).jpg,0
20 (29).jpg,0
20 (3).jpg,0
20 (30).jpg,0
20 (31).jpg,0
20 (32).jpg,0
20 (33).jpg,0
20 (34).jpg,0
20 (35).jpg,0
20 (36).jpg,0
20 (37).jpg,0
20 (38).jpg,0
20 (39).jpg,0
20 (4).jpg,0
20 (5).jpg,0
20 (6).jpg,0
20 (7).jpg,0
20 (8).jpg,0
20 (9).jpg,0
21 (0).jpg,0
21 (1).jpg,0
21 (10).jpg,0
21 (11).jpg,0
21 (12).jpg,0
21 (13).jpg,0
21 (14).jpg,0
21 (15).jpg,0
21 (16).jpg,0
21 (17).jpg,0
21 (18).jpg,0
21 (19).jpg,0
21 (2).jpg,0
21 (20).jpg,0
21 (21).jpg,0
21 (22).jpg,0
21 (23).jpg,0
21 (24).jpg,0
21 (25).jpg,0
21 (26).jpg,0
21 (27).jpg,0
21 (28).jpg,0
21 (29).jpg,0
21 (3).jpg,0
21 (30).jpg,0
21 (31).jpg,0
21 (32).jpg,0
21 (33).jpg,0
21 (34).jpg,0
21 (35).jpg,0
21 (36).jpg,0
21 (37).jpg,0
21 (38).jpg,0
21 (39).jpg,0
21 (4).jpg,0
21 (5).jpg,0
21 (6).jpg,0
21 (7).jpg,0
21 (8).jpg,0
21 (9).jpg,0
22 (0).jpg,0
22 (1).jpg,0
22 (10).jpg,0
22 (11).jpg,0
22 (12).jpg,0
22 (13).jpg,0
22 (14).jpg,0
22 (15).jpg,0
22 (16).jpg,0
22 (17).jpg,0
22 (18).jpg,0
22 (19).jpg,0
22 (2).jpg,0
22 (20).jpg,0
22 (21).jpg,0
22 (22).jpg,0
22 (23).jpg,0
22 (24).jpg,0
22 (25).jpg,0
22 (26).jpg,0
22 (27).jpg,0
22 (28).jpg,0
22 (29).jpg,0
22 (3).jpg,0
22 (30).jpg,0
22 (31).jpg,0
22 (32).jpg,0
22 (33).jpg,0
22 (34).jpg,0
22 (35).jpg,0
22 (36).jpg,0
22 (37).jpg,0
22 (38).jpg,0
22 (39).jpg,0
22 (4).jpg,0
22 (5).jpg,0
22 (6).jpg,0
22 (7).jpg,0
22 (8).jpg,0
22 (9).jpg,0
23 (0).jpg,0
23 (1).jpg,0
23 (10).jpg,0
23 (11).jpg,0
23 (12).jpg,0
23 (13).jpg,0
23 (14).jpg,0
23 (15).jpg,0
23 (16).jpg,0
23 (17).jpg,0
23 (18).jpg,0
23 (19).jpg,0
23 (2).jpg,0
23 (20).jpg,0
23 (21).jpg,0
23 (22).jpg,0
23 (23).jpg,0
23 (24).jpg,0
23 (25).jpg,0
23 (26).jpg,0
23 (27).jpg,0
23 (28).jpg,0
23 (29).jpg,0
23 (3).jpg,0
23 (30).jpg,0
23 (31).jpg,0
23 (32).jpg,0
23 (33).jpg,0
23 (34).jpg,0
23 (35).jpg,0
23 (36).jpg,0
23 (37).jpg,0
23 (38).jpg,0
23 (39).jpg,0
23 (4).jpg,0
23 (5).jpg,0
23 (6).jpg,0
23 (7).jpg,0
23 (8).jpg,0
23 (9).jpg,0
25 (0).jpg,0
25 (1).jpg,0
25 (10).jpg,0
25 (11).jpg,0
25 (12).jpg,0
25 (13).jpg,0
25 (14).jpg,0
25 (15).jpg,0
25 (16).jpg,0
25 (17).jpg,0
25 (18).jpg,0
25 (19).jpg,0
25 (2).jpg,0
25 (20).jpg,0
25 (21).jpg,0
25 (22).jpg,0
25 (23).jpg,0
25 (24).jpg,0
25 (25).jpg,0
25 (26).jpg,0
25 (27).jpg,0
25 (28).jpg,0
25 (29).jpg,0
25 (3).jpg,0
25 (30).jpg,0
25 (31).jpg,0
25 (32).jpg,0
25 (33).jpg,0
25 (34).jpg,0
25 (35).jpg,0
25 (36).jpg,0
25 (37).jpg,0
25 (38).jpg,0
25 (39).jpg,0
25 (4).jpg,0
25 (5).jpg,0
25 (6).jpg,0
25 (7).jpg,0
25 (8).jpg,0
25 (9).jpg,0
26 (0).jpg,0
26 (1).jpg,0
26 (10).jpg,0
26 (11).jpg,0
26 (12).jpg,0
26 (13).jpg,0
26 (14).jpg,0
26 (15).jpg,0
26 (16).jpg,0
26 (17).jpg,0
26 (18).jpg,0
26 (19).jpg,0
26 (2).jpg,0
26 (20).jpg,0
26 (21).jpg,0
26 (22).jpg,0
26 (23).jpg,0
26 (24).jpg,0
26 (25).jpg,0
26 (26).jpg,0
26 (27).jpg,0
26 (28).jpg,0
26 (29).jpg,0
26 (3).jpg,0
26 (30).jpg,0
26 (31).jpg,0
26 (32).jpg,0
26 (33).jpg,0
26 (34).jpg,0
26 (35).jpg,0
26 (36).jpg,0
26 (37).jpg,0
26 (38).jpg,0
26 (39).jpg,0
26 (4).jpg,0
26 (5).jpg,0
26 (6).jpg,0
26 (7).jpg,0
26 (8).jpg,0
26 (9).jpg,0
27 (0).jpg,0
27 (1).jpg,0
27 (10).jpg,0
27 (11).jpg,0
27 (12).jpg,0
27 (13).jpg,0
27 (14).jpg,0
27 (15).jpg,0
27 (16).jpg,0
27 (17).jpg,0
27 (18).jpg,0
27 (19).jpg,0
27 (2).jpg,0
27 (20).jpg,0
27 (21).jpg,0
27 (22).jpg,0
27 (23).jpg,0
27 (24).jpg,0
27 (25).jpg,0
27 (26).jpg,0
27 (27).jpg,0
27 (28).jpg,0
27 (29).jpg,0
27 (3).jpg,0
27 (30).jpg,0
27 (31).jpg,0
27 (32).jpg,0
27 (33).jpg,0
27 (34).jpg,0
27 (35).jpg,0
27 (36).jpg,0
27 (37).jpg,0
27 (38).jpg,0
27 (39).jpg,0
27 (4).jpg,0
27 (5).jpg,0
27 (6).jpg,0
27 (7).jpg,0
27 (8).jpg,0
27 (9).jpg,0
28 (0).jpg,0
28 (1).jpg,0
28 (10).jpg,0
28 (11).jpg,0
28 (12).jpg,0
28 (13).jpg,0
28 (14).jpg,0
28 (15).jpg,0
28 (16).jpg,0
28 (17).jpg,0
28 (18).jpg,0
28 (19).jpg,0
28 (2).jpg,0
28 (20).jpg,0
28 (21).jpg,0
28 (22).jpg,0
28 (23).jpg,0
28 (24).jpg,0
28 (25).jpg,0
28 (26).jpg,0
28 (27).jpg,0
28 (28).jpg,0
28 (29).jpg,0
28 (3).jpg,0
28 (30).jpg,0
28 (31).jpg,0
28 (32).jpg,0
28 (33).jpg,0
28 (34).jpg,0
28 (35).jpg,0
28 (36).jpg,0
28 (37).jpg,0
28 (38).jpg,0
28 (39).jpg,0
28 (4).jpg,0
28 (5).jpg,0
28 (6).jpg,0
28 (7).jpg,0
28 (8).jpg,0
28 (9).jpg,0
29 (0).jpg,0
29 (1).jpg,0
29 (10).jpg,0
29 (11).jpg,0
29 (12).jpg,0
29 (13).jpg,0
29 (14).jpg,0
29 (15).jpg,0
29 (16).jpg,0
29 (17).jpg,0
29 (18).jpg,0
29 (19).jpg,0
29 (2).jpg,0
29 (20).jpg,0
29 (21).jpg,0
29 (22).jpg,0
29 (23).jpg,0
29 (24).jpg,0
29 (25).jpg,0
29 (26).jpg,0
29 (27).jpg,0
29 (28).jpg,0
29 (29).jpg,0
29 (3).jpg,0
29 (30).jpg,0
29 (31).jpg,0
29 (32).jpg,0
29 (33).jpg,0
29 (34).jpg,0
29 (35).jpg,0
29 (36).jpg,0
29 (37).jpg,0
29 (38).jpg,0
29 (39).jpg,0
29 (4).jpg,0
29 (5).jpg,0
29 (6).jpg,0
29 (7).jpg,0
29 (8).jpg,0
29 (9).jpg,0
3 (0).jpg,0
3 (1).jpg,0
3 (10).jpg,0
3 (11).jpg,0
3 (12).jpg,0
3 (13).jpg,0
3 (14).jpg,0
3 (15).jpg,0
3 (16).jpg,0
3 (17).jpg,0
3 (18).jpg,0
3 (19).jpg,0
3 (2).jpg,0
3 (20).jpg,0
3 (21).jpg,0
3 (22).jpg,0
3 (23).jpg,0
3 (24).jpg,0
3 (25).jpg,0
3 (26).jpg,0
3 (27).jpg,0
3 (28).jpg,0
3 (29).jpg,0
3 (3).jpg,0
3 (30).jpg,0
3 (31).jpg,0
3 (32).jpg,0
3 (33).jpg,0
3 (34).jpg,0
3 (35).jpg,0
3 (36).jpg,0
3 (37).jpg,0
3 (38).jpg,0
3 (39).jpg,0
3 (4).jpg,0
3 (5).jpg,0
3 (6).jpg,0
3 (7).jpg,0
3 (8).jpg,0
3 (9).jpg,0
30 (0).jpg,0
30 (1).jpg,0
30 (10).jpg,0
30 (11).jpg,0
30 (12).jpg,0
30 (13).jpg,0
30 (14).jpg,0
30 (15).jpg,0
30 (16).jpg,0
30 (17).jpg,0
30 (18).jpg,0
30 (19).jpg,0
30 (2).jpg,0
30 (20).jpg,0
30 (21).jpg,0
30 (22).jpg,0
30 (23).jpg,0
30 (24).jpg,0
30 (25).jpg,0
30 (26).jpg,0
30 (27).jpg,0
30 (28).jpg,0
30 (29).jpg,0
30 (3).jpg,0
30 (30).jpg,0
30 (31).jpg,0
30 (32).jpg,0
30 (33).jpg,0
30 (34).jpg,0
30 (35).jpg,0
30 (36).jpg,0
30 (37).jpg,0
30 (38).jpg,0
30 (39).jpg,0
30 (4).jpg,0
30 (5).jpg,0
30 (6).jpg,0
30 (7).jpg,0
30 (8).jpg,0
30 (9).jpg,0
31 (0).jpg,0
31 (1).jpg,0
31 (10).jpg,0
31 (11).jpg,0
31 (12).jpg,0
31 (13).jpg,0
31 (14).jpg,0
31 (15).jpg,0
31 (16).jpg,0
31 (17).jpg,0
31 (18).jpg,0
31 (19).jpg,0
31 (2).jpg,0
31 (20).jpg,0
31 (21).jpg,0
31 (22).jpg,0
31 (23).jpg,0
31 (24).jpg,0
31 (25).jpg,0
31 (26).jpg,0
31 (27).jpg,0
31 (28).jpg,0
31 (29).jpg,0
31 (3).jpg,0
31 (30).jpg,0
31 (31).jpg,0
31 (32).jpg,0
31 (33).jpg,0
31 (34).jpg,0
31 (35).jpg,0
31 (36).jpg,0
31 (37).jpg,0
31 (38).jpg,0
31 (39).jpg,0
31 (4).jpg,0
31 (5).jpg,0
31 (6).jpg,0
31 (7).jpg,0
31 (8).jpg,0
31 (9).jpg,0
